"id","name","province_id","county_id","code","short_code"
"1","آب پخش","7","185","180306","06"
"2","آبدان","7","197","180503","03"
"3","آبژدان","13","45","062101","01"
"4","آبش احمد","1","343","031503","03"
"5","آبگرم","18","15","260602","02"
"6","آرمرده","20","62","120101","01"
"7","آسارا","5","336","300103","03"
"8","آسفیج","31","92","211101","01"
"9","آسمینون","21","402","081302","02"
"10","آشار","16","408","111302","02"
"11","آفتاب","8","126","230103","03"
"12","آهوران","16","433","110706","06"
"13","آیسک","10","241","290601","01"
"14","ابولفارس","13","205","061005","05"
"15","احمد آباد مستوفی","8","33","231003","03"
"16","احمدآباد","11","396","091601","01"
"17","احمدسرگوراب","25","274","011201","01"
"18","احمدی","29","149","220803","03"
"19","ارجمند","8","315","231401","01"
"20","ارد","17","361","072702","02"
"21","ارژن","17","283","070706","06"
"22","ارس","2","110","041501","01"
"23","ارسک","10","76","290802","02"
"24","ارشق","3","395","240401","01"
"25","ارم","7","185","180304","04"
"26","ارمند","9","153","141002","02"
"27","اروندکنار","13","1","060101","01"
"28","ازگله","22","128","051202","02"
"29","اسالم","25","291","010405","05"
"30","اسفرورین","18","113","260201","01"
"31","اسفندقه","21","138","080306","06"
"32","اسلام آباد","3","103","240604","04"
"33","اسلامیه","10","303","290703","03"
"34","اسماعیلی","21","138","080305","05"
"35","اسماعیلیه","13","49","060304","04"
"36","اسیر","17","406","072104","04"
"37","اشترینان","26","71","150201","01"
"38","اشکنان","17","375","071503","03"
"39","اطاقور","25","380","011002","02"
"40","افزر","17","329","072001","01"
"41","افشار","14","155","190301","01"
"42","الوارگرمسیری","13","46","060201","01"
"43","امام","20","252","120304","04"
"44","امام حسن","7","198","180801","01"
"45","امام زاده","4","421","101502","02"
"46","امامزاده عبدالله","27","14","020104","04"
"47","امیراباد","15","177","200101","01"
"48","انابد","11","69","092301","01"
"49","انار","21","44","082001","01"
"50","انارک","4","418","101301","01"
"51","انزل","2","26","040101","01"
"52","انگوت","3","365","240501","01"
"53","انگوران","14","385","190901","01"
"54","اورامان","20","250","120901","01"
"55","ایرندگان","16","152","110303","03"
"56","ایزدخواست","17","229","071901","01"
"57","ایلخچی","1","31","032201","01"
"58","ایوانکی","15","363","200401","01"
"59","ایواوغلی","2","174","040304","04"
"60","بابا حیدر","9","297","140303","03"
"61","بابل کنار","27","55","020204","04"
"62","باجگیران","11","328","091301","01"
"63","باروق","2","411","040805","05"
"64","بازرگان","2","383","040605","05"
"65","بازفت","9","353","140601","01"
"66","باشتین","11","178","093902","02"
"67","باغ بهادران","4","378","101201","01"
"68","باغ حلی","14","254","191002","02"
"69","باغ صفا","17","245","073202","02"
"70","بالا طالقان","5","289","300402","02"
"71","بالا ولایت","11","57","093702","02"
"72","بام وصفی آباد","12","30","280101","01"
"73","بانش","17","100","073102","02"
"74","باهوکلات","16","187","112202","02"
"75","بایک","11","117","090501","01"
"76","باینگان","22","107","050301","01"
"77","بران","3","38","241102","02"
"78","بربرود شرقی","26","41","150106","06"
"79","بربرود غربی","26","41","150105","05"
"80","بردخون","7","197","180501","01"
"81","بررود","11","354","094102","02"
"82","برزک","4","332","101005","05"
"83","بروات","21","77","080207","07"
"84","بزمان","16","52","110101","01"
"85","بزینه رود","14","155","190302","02"
"86","بستان","13","184","060901","01"
"87","بسطام","15","270","200301","01"
"88","بشاریات","18","4","260401","01"
"89","بفروییه","31","414","210603","03"
"90","بلبان آباد","20","195","121002","02"
"91","بلداجی","9","72","140104","04"
"92","بلده","27","426","021401","01"
"93","بلورد","21","264","080605","05"
"94","بم پشت","16","240","110605","05"
"95","بمانی","29","266","221201","01"
"96","بن رود","4","37","100205","05"
"97","بنارویه","17","373","071107","07"
"98","بنت","16","433","110701","01"
"99","بندپی شرقی","27","55","020203","03"
"100","بندپی غربی","27","55","020201","01"
"101","بندرامام خمینی","13","85","060501","01"
"102","بندزرک","29","416","220505","05"
"103","بوژگان","11","116","090604","04"
"104","بوستان","8","94","231902","02"
"105","بوستان","23","58","170702","02"
"106","بوشکان","7","185","180305","05"
"107","بومهن","8","108","232001","01"
"108","بهاران","24","362","270503","03"
"109","بهمن","31","16","210701","01"
"110","بهمن صغاد","17","2","070105","05"
"111","بهمیی گرمسیری","23","97","170501","01"
"112","بهنمیر","27","56","021603","03"
"113","بیارجمند","15","270","200302","02"
"114","بیدشهر","17","47","073602","02"
"115","بیرانوند","26","157","150303","03"
"116","بیرم","17","373","071105","05"
"117","بیستون","22","438","051101","01"
"118","بیکاه","29","216","220704","04"
"119","بیلوار","22","339","050208","08"
"120","پاپی","26","157","150302","02"
"121","پاتاوه","23","192","170401","01"
"122","پادنا","4","257","100501","01"
"123","پادنا علیا","4","257","100503","03"
"124","پارود","16","202","110805","05"
"125","پاریز","21","264","080602","02"
"126","پاسارگاد","17","105","072302","02"
"127","پایین جام","11","116","090605","05"
"128","پره سر","25","213","011401","01"
"129","پشتکوه","16","152","110304","04"
"130","پشتکوه","17","430","071402","02"
"131","پلان","16","143","110204","04"
"132","پلنگ آباد","5","34","300502","02"
"133","پیربکران","4","310","100801","01"
"134","پیرسلمان","30","29","130602","02"
"135","پیشخور","30","300","130902","02"
"136","پیشکمر","24","342","270903","03"
"137","پیشین","16","202","110801","01"
"138","تازه کند","3","103","240603","03"
"139","تالارپی","27","267","022602","02"
"140","تخت","29","82","220205","05"
"141","تخت سلیمان","2","122","041202","02"
"142","ترکمانچای","1","413","031001","01"
"143","تسوج","1","273","031403","03"
"144","تشان","13","95","060604","04"
"145","تلنگ","16","325","111803","03"
"146","تنب","29","17","220101","01"
"147","تنکمان","5","422","300302","02"
"148","توکهور","29","416","220504","04"
"149","تولم","25","287","010801","01"
"150","تیکمه داش","1","73","031301","01"
"151","تیمورآباد","16","437","111602","02"
"152","ثمرین","3","20","240106","06"
"153","جاپلق","26","27","150701","01"
"154","جاجرود","8","108","232002","02"
"155","جازموریان","21","218","081501","01"
"156","جالق","16","240","110601","01"
"157","جایزان","13","43","061601","01"
"158","جبالبارز","21","138","080302","02"
"159","جبالبارزجنوبی","21","296","081203","03"
"160","جرقویه سفلی","4","37","100201","01"
"161","جرقویه علیا","4","37","100204","04"
"162","جرگلان","12","201","280803","03"
"163","جره وبالاده","17","331","071001","01"
"164","جزمان","6","442","161102","02"
"165","جزینک","16","231","111001","01"
"166","جعفراباد","19","327","250101","01"
"167","جغین","29","216","220703","03"
"168","جلگه","4","37","100206","06"
"169","جلگه چاه هاشم","16","189","111202","02"
"170","جلگه رخ","11","117","090507","07"
"171","جلگه زوزن","11","169","091903","03"
"172","جلگه سنخواست","12","129","280301","01"
"173","جلگه شوقان","12","129","280302","02"
"174","جلگه ماژان","10","172","291002","02"
"175","جلیل آباد","8","112","231802","02"
"176","جناح","29","74","220901","01"
"177","جنت","17","175","070505","05"
"178","جنت آباد","11","285","094002","02"
"179","جنگل","11","212","092701","01"
"180","جوادآباد","8","435","230602","02"
"181","جوزار","17","401","071306","06"
"182","جوقین","8","282","230903","03"
"183","جوکار","30","398","130201","01"
"184","جولکی","13","12","062602","02"
"185","جونقان","9","297","140304","04"
"186","جویم","17","373","071102","02"
"187","چابکسر","25","219","010704","04"
"188","چاپشلو","11","179","090701","01"
"189","چاروسا","23","355","170202","02"
"190","چاه دادخدا","21","326","081601","01"
"191","چاه مبارک","7","294","181002","02"
"192","چاه مرید","21","356","080905","05"
"193","چاه ورز","17","375","071505","05"
"194","چترود","21","338","080807","07"
"195","چشمه ساران","24","8","271001","01"
"196","چغادک","7","88","180103","03"
"197","چغامیش","13","183","060803","03"
"198","چگنی","26","147","151001","01"
"199","چلو","13","45","062102","02"
"200","چم خلف عیسی","13","444","061802","02"
"201","چمستان","27","426","021402","02"
"202","چنارود","4","139","102001","01"
"203","چندار","5","235","300203","03"
"204","چنگ الماس","20","98","120201","01"
"205","چوار","6","53","160102","02"
"206","چورزق","14","288","190801","01"
"207","چهارباغ","5","235","300204","04"
"208","چهاردانگه","1","445","032702","02"
"209","چهاردانگه","8","33","231001","01"
"210","چهاردانگه","27","233","020701","01"
"211","چهاردولی","20","321","120504","04"
"212","حاجیلار","2","144","041601","01"
"213","حبیب آباد","4","68","102201","01"
"214","حتی","13","374","061702","02"
"215","حرا","29","323","220404","04"
"216","حسن آباد","17","39","070303","03"
"217","حسین آباد","20","259","120405","05"
"218","حلب","14","50","190601","01"
"219","حمیل","22","32","050101","01"
"220","حناء","17","66","073502","02"
"221","حور","21","299","082202","02"
"222","حومه","1","5","032103","03"
"223","حویق","25","291","010406","06"
"224","خارک","7","88","180101","01"
"225","خاروانا","1","436","032401","01"
"226","خاوران","8","221","230305","05"
"227","خاوومیرآباد","20","393","120601","01"
"228","خاوه","26","188","150403","03"
"229","خبر","21","60","080104","04"
"230","خبوشان","12","298","280501","01"
"231","خرانق","31","22","210101","01"
"232","خرقان","28","228","001001","01"
"233","خرم آباد","27","123","020504","04"
"234","خرمدشت","18","113","260202","02"
"235","خزل","30","428","130301","01"
"236","خسروشاه","1","115","030304","04"
"237","خشت","17","331","071006","06"
"238","خشکبیجار","25","211","010506","06"
"239","خضرآباد","31","35","210801","01"
"240","خلجستان","19","327","250102","02"
"241","خلیفان","2","404","040701","01"
"242","خمام","25","211","010501","01"
"243","خنافره","13","268","061102","02"
"244","خنجین","28","302","001302","02"
"245","خواجه","1","439","031601","01"
"246","خورش رستم","3","162","240301","01"
"247","خورگام","25","217","010604","04"
"248","دابودشت","27","14","020103","03"
"249","دارخوین","13","268","061103","03"
"250","داشلی برون","24","371","270602","02"
"251","دالخانی","27","203","020602","02"
"252","دامن","16","52","110106","06"
"253","درب گنبد","26","352","150605","05"
"254","درح","10","243","290303","03"
"255","درودزن","17","392","071205","05"
"256","دستگردان","10","290","291101","01"
"257","دشت سر","27","14","020105","05"
"258","دشت عباس","6","196","160305","05"
"259","دشتابی","18","91","260106","06"
"260","دشتک","2","141","041401","01"
"261","دشمن زیاری","17","401","071305","05"
"262","دلبران","20","321","120505","05"
"263","دلوار","7","124","180201","01"
"264","دوآب صمصامی","9","353","140603","03"
"265","دودانگه","27","233","020702","02"
"266","دهبکری","21","77","080208","08"
"267","دهج","21","279","080702","02"
"268","دهدز","13","51","060402","02"
"269","دهرم","17","301","072202","02"
"270","دهفری","27","307","022301","01"
"271","دیشموک","23","355","170206","06"
"272","دیلمان","25","262","011501","01"
"273","دینور","22","286","051001","01"
"274","دیهوک","10","290","291103","03"
"275","ذلقی","26","41","150104","04"
"276","رامند","18","91","260102","02"
"277","رانکوه","25","42","011301","01"
"278","راهگان","17","161","073402","02"
"279","راین","21","338","080806","06"
"280","رحمت آباد","17","226","073002","02"
"281","رحمت آباد و بلوکات","25","217","010601","01"
"282","رحیم آباد","25","219","010702","02"
"283","رستاق","17","175","070502","02"
"284","رضویه","11","396","091606","06"
"285","رغیوه","13","441","062201","01"
"286","روداب","11","237","090805","05"
"287","روداب","21","420","082102","02"
"288","رودبارالموت شرقی","18","322","260302","02"
"289","رودبارالموت غربی","18","322","260303","03"
"290","رودبارقصران","8","275","230401","01"
"291","رودبست","27","56","021604","04"
"292","رودبنه","25","376","011104","04"
"293","رودپی","27","233","020706","06"
"294","رودپی شمالی","27","233","020707","07"
"295","رودخانه","29","216","220701","01"
"296","روددشت","9","377","140405","05"
"297","رودزرد","13","205","061003","03"
"298","رودهن","8","191","230203","03"
"299","رونیز","17","28","070201","01"
"300","رویدر","29","164","221001","01"
"301","ریز","7","133","180901","01"
"302","ریگ","7","370","180702","02"
"303","ریگ ملک","16","415","111703","03"
"304","زارچ","31","448","210504","04"
"305","زاغه","26","157","150305","05"
"306","زاگرس","6","146","160405","05"
"307","زالیان","28","269","00703","03"
"308","زاوین","11","340","092801","01"
"309","زاینده رود","9","234","140802","02"
"310","زبرخان","11","432","091702","02"
"311","زرآباد","16","345","110901","01"
"312","زرنه","6","54","160701","01"
"313","زرین آباد","6","196","160301","01"
"314","زرین دشت","30","428","130303","03"
"315","ززوماهرو","26","41","150102","02"
"316","زمکان","22","128","051203","03"
"317","زنجانرود","14","230","190402","02"
"318","زند","30","398","130204","04"
"319","زنده رود","4","305","100604","04"
"320","زواره","4","21","100102","02"
"321","زهان","10","232","290902","02"
"322","زیدآباد","21","264","080604","04"
"323","زیدون","13","95","060602","02"
"324","زیرآب","27","260","020803","03"
"325","زیلایی","23","381","170902","02"
"326","زیویه","20","252","120301","01"
"327","سارال","20","199","120703","03"
"328","ساربوک","16","325","111802","02"
"329","ساردوییه","21","138","080301","01"
"330","ساروق","28","19","00103","03"
"331","سامن","30","398","130202","02"
"332","سبلان","3","249","241002","02"
"333","سجاس رود","14","155","190304","04"
"334","سده","10","318","290405","05"
"335","سده","17","39","070301","01"
"336","سراب باغ","6","3","160603","03"
"337","سراب میمه","6","196","160304","04"
"338","سراجو","1","389","030603","03"
"339","سربند","28","269","00702","02"
"340","سرحد","12","284","280401","01"
"341","سرخرود","27","388","021801","01"
"342","سرخه","15","247","200801","01"
"343","سردارجنگل","25","312","010903","03"
"344","سردرود","30","209","130801","01"
"345","سردشت","13","183","060801","01"
"346","سرشیو","20","252","120303","03"
"347","سرشیو","20","393","120602","02"
"348","سرفاریاب","23","145","170602","02"
"349","سرولایت","11","432","091703","03"
"350","سریش آباد","20","321","120503","03"
"351","سعدآباد","7","185","180301","01"
"352","سلامی","11","169","091904","04"
"353","سلطان آباد","13","205","061004","04"
"354","سلفچگان","19","327","250105","05"
"355","سلمانشهر","27","292","022402","02"
"356","سلیمان","11","224","093502","02"
"357","سملقان","12","384","280601","01"
"358","سندرک","29","416","220502","02"
"359","سنگان","11","169","091901","01"
"360","سنگر","25","211","010502","02"
"361","سورنا","17","210","072601","01"
"362","سوری","26","220","151101","01"
"363","سوسن","13","51","060404","04"
"364","سوق","23","355","170207","07"
"365","سومار","22","324","050601","01"
"366","سویسه","13","330","062702","02"
"367","سه قلعه","10","241","290602","02"
"368","سیجوال","24","118","270203","03"
"369","سیدان","17","392","071206","06"
"370","سیراف","7","346","180603","03"
"371","سیروان","20","259","120406","06"
"372","سیلاخور","26","193","150501","01"
"373","سیلوانه","2","26","040102","02"
"374","سیمکان","17","137","070402","02"
"375","سیمینه","2","89","041001","01"
"376","سیوان","6","53","160104","04"
"377","سیه رود","1","132","031901","01"
"378","شادمهر","11","403","093001","01"
"379","شادیان","1","140","032301","01"
"380","شاسکوه","10","232","290903","03"
"381","شال","18","91","260103","03"
"382","شاندرمن","25","382","011601","01"
"383","شاندیز","11","102","093202","02"
"384","شاوور","13","276","061401","01"
"385","شاهرود","3","162","240303","03"
"386","شاهنجرین","30","180","131001","01"
"387","شاهو","22","215","051401","01"
"388","شاهیوند","26","147","151002","02"
"389","شباب","6","146","160404","04"
"390","شبانکاره","7","185","180302","02"
"391","شراء","30","443","130405","05"
"392","شریف آباد","8","106","231301","01"
"393","ششتمد","11","237","090806","06"
"394","ششده وقره بلاغ","17","309","070801","01"
"395","ششطراز","11","163","092901","01"
"396","شعیبیه","13","277","061203","03"
"397","شنبه و طسوج","7","186","180403","03"
"398","شوسف","10","429","290501","01"
"399","شهاب","29","323","220401","01"
"400","شهداد","21","338","080802","02"
"401","شهرآباد","11","69","092303","03"
"402","شهمیرزاد","15","405","200501","01"
"403","شهیون","13","183","060804","04"
"404","شیبکوه","17","309","070802","02"
"405","شیبکوه","29","84","220302","02"
"406","شیدا","9","79","140902","02"
"407","شیرین سو","30","335","130503","03"
"408","صابری","16","434","111502","02"
"409","صالح آباد","6","407","160502","02"
"410","صالح آباد","30","93","130703","03"
"411","صحرای باغ","17","373","071108","08"
"412","صفا دشت","8","397","231702","02"
"413","صفاییه","2","174","040303","03"
"414","صوغان","21","24","082302","02"
"415","صوفیان","1","273","031401","01"
"416","صومای برادوست","2","26","040103","03"
"417","صیدون","13","59","061503","03"
"418","ضیاءآباد","18","113","260203","03"
"419","طارم سفلی","18","322","260304","04"
"420","طاغنکوه","11","316","093302","02"
"421","طرقبه","11","102","093201","01"
"422","طرهان","26","352","150602","02"
"423","طسوج","17","348","072802","02"
"424","طغرل الجرد","21","351","081401","01"
"425","عطاملک","11","136","093602","02"
"426","عقدا","31","22","210103","03"
"427","عقیلی","13","359","062001","01"
"428","علامرودشت","17","375","071504","04"
"429","عمارلو","25","217","010602","02"
"430","عنبر","13","394","061305","05"
"431","عنبران","3","425","240803","03"
"432","غلامان","12","201","280802","02"
"433","غیزانیه","13","49","060305","05"
"434","فارغان","29","149","220801","01"
"435","فتح المبین","13","276","061403","03"
"436","فرح دشت","11","333","091405","05"
"437","فرخشهر","9","281","140206","06"
"438","فردوس","21","214","080405","05"
"439","فسارود","17","175","070506","06"
"440","فشاپویه","8","221","230302","02"
"441","فلارد","9","377","140401","01"
"442","فندرسک","24","206","271101","01"
"443","فندقلو","1","48","030205","05"
"444","فورگ","17","175","070504","04"
"445","فیرورق","2","174","040306","06"
"446","فیروز","3","349","240702","02"
"447","فیروزآباد","26","253","150901","01"
"448","فیروزاباد","22","339","050203","03"
"449","فین","29","82","220203","03"
"450","قرقری","16","447","111102","02"
"451","قره پشتلو","14","230","190406","06"
"452","قره چای","28","168","001201","01"
"453","قره قویون","2","278","041701","01"
"454","قره کهریز","28","269","00704","04"
"455","قشلاق دشت","3","101","240202","02"
"456","قصابه","3","395","240405","05"
"457","قطرویه","17","430","071404","04"
"458","قطور","2","174","040305","05"
"459","قلعه چای","1","293","032501","01"
"460","قلعه شاهین","22","244","050402","02"
"461","قلعه قاضی","29","82","220206","06"
"462","قلعه نو","8","221","230306","06"
"463","قلقل رود","30","125","130101","01"
"464","قلندرآباد","11","308","092201","01"
"465","قمصر","4","332","101002","02"
"466","قوشخانه","12","284","280403","03"
"467","قهدریجان","4","310","100803","03"
"468","قهستان","10","181","290201","01"
"469","کاخک","11","369","091503","03"
"470","کارزان","6","265","160902","02"
"471","کاغذکنان","1","413","031002","02"
"472","کاکاوند","26","188","150401","01"
"473","کاکی","7","186","180401","01"
"474","کالپوش","15","410","200702","02"
"475","کامفیروز","17","392","071203","03"
"476","کامفیروز شمالی","17","392","071207","07"
"477","کبگیان","23","90","170105","05"
"478","کجور","27","427","021502","02"
"479","کدکن","11","117","090505","05"
"480","کرانی","20","98","120202","02"
"481","کربال","17","156","072901","01"
"482","کرچمبو","4","86","102402","02"
"483","کردیان","17","137","070403","03"
"484","کرفتو","20","199","120701","01"
"485","کرگان رود","25","291","010404","04"
"486","کرون","4","127","101901","01"
"487","کشاورز","2","271","041102","02"
"488","کشکوییه","21","214","080403","03"
"489","کلات","6","3","160601","01"
"490","کلاتان","16","78","112002","02"
"491","کلاترزان","20","259","120404","04"
"492","کلاچای","25","219","010705","05"
"493","کلار","27","292","022403","03"
"494","کلاشی","22","134","050904","04"
"495","کلباد","27","367","022201","01"
"496","کلیایی","22","258","050502","02"
"497","کلیجان رستاق","27","233","020705","05"
"498","کمالان","24","295","270302","02"
"499","کمره","28","165","00402","02"
"500","کن","8","126","230101","01"
"501","کنار تخته و کمارج","17","331","071002","02"
"502","کندوان","1","413","031003","03"
"503","کوچصفهان","25","211","010503","03"
"504","کوخرد-هرنگ","29","74","220903","03"
"505","کوراییم","3","431","240902","02"
"506","کورین","16","225","110504","04"
"507","کوزران","22","339","050207","07"
"508","کوشکنار","29","104","221101","01"
"509","کومله","25","380","011003","03"
"510","کوهپایه","4","37","100202","02"
"511","کوهسار","2","255","040502","02"
"512","کوهسارات","24","417","270705","05"
"513","کوهساران","21","207","081101","01"
"514","کوهمره","17","350","073302","02"
"515","کوهنانی","26","352","150604","04"
"516","کوهنجان","17","251","072501","01"
"517","کوهین","18","322","260307","07"
"518","کویرات","4","7","101801","01"
"519","کهریزک","8","221","230303","03"
"520","کهک","19","327","250104","04"
"521","کهن آباد","15","6","200602","02"
"522","کیاشهر","25","10","010201","01"
"523","کیش","29","84","220303","03"
"524","کیشکور","16","242","112302","02"
"525","گاریزات","31","119","210304","04"
"526","گافروپارمون","29","75","221303","03"
"527","گتاب","27","55","020206","06"
"528","گتیج","16","311","111902","02"
"529","گچی","6","400","160802","02"
"530","گرکن جنوبی","4","386","101702","02"
"531","گرمادوز","1","154","032602","02"
"532","گرمخان","12","65","280205","05"
"533","گزیک","10","181","290202","02"
"534","گل تپه","30","335","130501","01"
"535","گلباف","21","338","080803","03"
"536","گلبهار","11","148","091801","01"
"537","گلدشت","24","368","271302","02"
"538","گلزار","21","70","081003","03"
"539","گلستان","8","94","231901","01"
"540","گلستان","21","264","080603","03"
"541","گلگیر","13","394","061304","04"
"542","گله دار","17","406","072101","01"
"543","گلی داغ","24","390","271202","02"
"544","گمبوعه","13","150","062502","02"
"545","گنبکی","21","222","081701","01"
"546","گندمان","9","72","140102","02"
"547","گواور","22","372","050802","02"
"548","گوگان","1","5","032101","01"
"549","گوهران","29","75","221302","02"
"550","گوهرکوه","16","120","112103","03"
"551","گهرباران","27","412","022502","02"
"552","گهواره","22","176","051301","01"
"553","گیان","30","428","130304","04"
"554","گیل خوران","27","135","022101","01"
"555","گیلوان","14","288","190803","03"
"556","لاجان","2","111","040202","02"
"557","لادیز","16","415","111702","02"
"558","لاران","9","281","140205","05"
"559","لاریجان","27","14","020101","01"
"560","لاشار","16","433","110704","04"
"561","لالجین","30","93","130701","01"
"562","لاله آباد","27","55","020205","05"
"563","لاله زار","21","70","081002","02"
"564","لشت نشاء","25","211","010504","04"
"565","لطف آباد","11","179","090702","02"
"566","لواسانات","8","275","230402","02"
"567","لوداب","23","90","170104","04"
"568","لوندویل","25","9","010102","02"
"569","لوه","24","358","271402","02"
"570","لیردف","29","130","220603","03"
"571","لیلان","1","399","032001","01"
"572","ماژین","6","182","160204","04"
"573","مانه","12","384","280602","02"
"574","ماهان","21","338","080804","04"
"575","ماهورمیلانی","17","401","071302","02"
"576","ماهیدشت","22","339","050206","06"
"577","محمدیار","2","423","040903","03"
"578","محمدیه","18","40","260501","01"
"579","محمله","17","167","072401","01"
"580","مرادلو","3","395","240404","04"
"581","مرحمت آباد","2","411","040804","04"
"582","مرزداران","11","246","092001","01"
"583","مرزن آباد","27","142","022003","03"
"584","مرکزی","3","20","240101","01"
"585","مرکزی","3","38","241101","01"
"586","مرکزی","3","101","240201","01"
"587","مرکزی","3","103","240601","01"
"588","مرکزی","3","162","240304","04"
"589","مرکزی","3","249","241001","01"
"590","مرکزی","3","349","240701","01"
"591","مرکزی","3","365","240504","04"
"592","مرکزی","3","395","240402","02"
"593","مرکزی","3","425","240802","02"
"594","مرکزی","3","431","240901","01"
"595","مرکزی","4","21","100101","01"
"596","مرکزی","4","37","100203","03"
"597","مرکزی","4","7","101802","02"
"598","مرکزی","4","68","102202","02"
"599","مرکزی","4","86","102401","01"
"600","مرکزی","4","127","101902","02"
"601","مرکزی","4","139","102002","02"
"602","مرکزی","4","166","100301","01"
"603","مرکزی","4","170","100401","01"
"604","مرکزی","4","171","102301","01"
"605","مرکزی","4","194","102101","01"
"606","مرکزی","4","257","100502","02"
"607","مرکزی","4","272","101603","03"
"608","مرکزی","4","280","100902","02"
"609","مرکزی","4","305","100603","03"
"610","مرکزی","4","306","100701","01"
"611","مرکزی","4","310","100802","02"
"612","مرکزی","4","332","101003","03"
"613","مرکزی","4","366","101101","01"
"614","مرکزی","4","378","101203","03"
"615","مرکزی","4","386","101701","01"
"616","مرکزی","4","418","101303","03"
"617","مرکزی","4","419","101402","02"
"618","مرکزی","4","421","101501","01"
"619","مرکزی","5","34","300501","01"
"620","مرکزی","5","235","300201","01"
"621","مرکزی","5","289","300401","01"
"622","مرکزی","5","304","300601","01"
"623","مرکزی","5","336","300101","01"
"624","مرکزی","5","422","300301","01"
"625","مرکزی","6","53","160103","03"
"626","مرکزی","6","54","160702","02"
"627","مرکزی","6","3","160602","02"
"628","مرکزی","6","67","161001","01"
"629","مرکزی","6","146","160402","02"
"630","مرکزی","6","182","160203","03"
"631","مرکزی","6","196","160302","02"
"632","مرکزی","6","265","160901","01"
"633","مرکزی","6","400","160801","01"
"634","مرکزی","6","407","160503","03"
"635","مرکزی","6","442","161101","01"
"636","مرکزی","1","31","032202","02"
"637","مرکزی","1","48","030202","02"
"638","مرکزی","1","73","031302","02"
"639","مرکزی","1","80","031201","01"
"640","مرکزی","1","115","030303","03"
"641","مرکزی","1","132","031902","02"
"642","مرکزی","1","140","032302","02"
"643","مرکزی","1","154","032601","01"
"644","مرکزی","1","239","030501","01"
"645","مرکزی","1","273","031402","02"
"646","مرکزی","1","293","032502","02"
"647","مرکزی","1","343","031502","02"
"648","مرکزی","1","389","030602","02"
"649","مرکزی","1","391","030702","02"
"650","مرکزی","1","399","032002","02"
"651","مرکزی","1","413","031004","04"
"652","مرکزی","1","439","031602","02"
"653","مرکزی","1","440","031102","02"
"654","مرکزی","1","445","032701","01"
"655","مرکزی","1","436","032402","02"
"656","مرکزی","2","26","040104","04"
"657","مرکزی","2","36","041301","01"
"658","مرکزی","2","89","041002","02"
"659","مرکزی","2","110","041502","02"
"660","مرکزی","2","111","040201","01"
"661","مرکزی","2","122","041201","01"
"662","مرکزی","2","141","041402","02"
"663","مرکزی","2","144","041602","02"
"664","مرکزی","2","174","040302","02"
"665","مرکزی","2","248","040401","01"
"666","مرکزی","2","255","040501","01"
"667","مرکزی","2","271","041101","01"
"668","مرکزی","2","278","041702","02"
"669","مرکزی","2","383","040604","04"
"670","مرکزی","2","404","040702","02"
"671","مرکزی","2","411","040803","03"
"672","مرکزی","2","423","040902","02"
"673","مرکزی","7","88","180102","02"
"674","مرکزی","7","124","180202","02"
"675","مرکزی","7","133","180902","02"
"676","مرکزی","7","185","180303","03"
"677","مرکزی","7","186","180402","02"
"678","مرکزی","7","197","180502","02"
"679","مرکزی","7","198","180802","02"
"680","مرکزی","7","294","181001","01"
"681","مرکزی","7","346","180602","02"
"682","مرکزی","7","370","180703","03"
"683","مرکزی","8","33","231002","02"
"684","مرکزی","8","106","231302","02"
"685","مرکزی","8","112","231801","01"
"686","مرکزی","8","126","230102","02"
"687","مرکزی","8","191","230202","02"
"688","مرکزی","8","208","231202","02"
"689","مرکزی","8","221","230304","04"
"690","مرکزی","8","282","230902","02"
"691","مرکزی","8","315","231402","02"
"692","مرکزی","8","319","231601","01"
"693","مرکزی","8","320","232101","01"
"694","مرکزی","8","397","231701","01"
"695","مرکزی","8","435","230603","03"
"696","مرکزی","9","23","140501","01"
"697","مرکزی","9","72","140103","03"
"698","مرکزی","9","79","140901","01"
"699","مرکزی","9","153","141001","01"
"700","مرکزی","9","234","140801","01"
"701","مرکزی","9","281","140202","02"
"702","مرکزی","9","297","140302","02"
"703","مرکزی","9","353","140602","02"
"704","مرکزی","9","357","140701","01"
"705","مرکزی","9","377","140402","02"
"706","مرکزی","10","76","290801","01"
"707","مرکزی","10","99","290104","04"
"708","مرکزی","10","172","291001","01"
"709","مرکزی","10","181","290203","03"
"710","مرکزی","10","232","290901","01"
"711","مرکزی","10","243","290301","01"
"712","مرکزی","10","290","291102","02"
"713","مرکزی","10","318","290402","02"
"714","مرکزی","10","429","290502","02"
"715","مرکزی","11","57","093701","01"
"716","مرکزی","11","64","093101","01"
"717","مرکزی","11","69","092302","02"
"718","مرکزی","11","114","090402","02"
"719","مرکزی","11","116","090602","02"
"720","مرکزی","11","117","090506","06"
"721","مرکزی","11","131","093401","01"
"722","مرکزی","11","136","093601","01"
"723","مرکزی","11","148","091802","02"
"724","مرکزی","11","163","092902","02"
"725","مرکزی","11","169","091902","02"
"726","مرکزی","11","173","093801","01"
"727","مرکزی","11","178","093901","01"
"728","مرکزی","11","179","090703","03"
"729","مرکزی","11","212","092702","02"
"730","مرکزی","11","224","093501","01"
"731","مرکزی","11","237","090807","07"
"732","مرکزی","11","246","092002","02"
"733","مرکزی","11","285","094001","01"
"734","مرکزی","11","308","092202","02"
"735","مرکزی","11","316","093301","01"
"736","مرکزی","11","328","091303","03"
"737","مرکزی","11","333","091404","04"
"738","مرکزی","11","340","092802","02"
"739","مرکزی","11","354","094101","01"
"740","مرکزی","11","369","091502","02"
"741","مرکزی","11","396","091605","05"
"742","مرکزی","11","403","093002","02"
"743","مرکزی","11","432","091704","04"
"744","مرکزی","12","30","280102","02"
"745","مرکزی","12","65","280204","04"
"746","مرکزی","12","129","280303","03"
"747","مرکزی","12","201","280801","01"
"748","مرکزی","12","284","280402","02"
"749","مرکزی","12","298","280502","02"
"750","مرکزی","12","364","280701","01"
"751","مرکزی","12","384","280603","03"
"752","مرکزی","13","43","061602","02"
"753","مرکزی","13","45","062103","03"
"754","مرکزی","13","46","060202","02"
"755","مرکزی","13","49","060302","02"
"756","مرکزی","13","51","060403","03"
"757","مرکزی","13","1","060102","02"
"758","مرکزی","13","12","062601","01"
"759","مرکزی","13","59","061502","02"
"760","مرکزی","13","63","062401","01"
"761","مرکزی","13","85","060502","02"
"762","مرکزی","13","95","060603","03"
"763","مرکزی","13","150","062501","01"
"764","مرکزی","13","160","060701","01"
"765","مرکزی","13","183","060802","02"
"766","مرکزی","13","184","060902","02"
"767","مرکزی","13","204","061901","01"
"768","مرکزی","13","205","061002","02"
"769","مرکزی","13","268","061101","01"
"770","مرکزی","13","276","061402","02"
"771","مرکزی","13","277","061202","02"
"772","مرکزی","13","330","062701","01"
"773","مرکزی","13","359","062002","02"
"774","مرکزی","13","374","061701","01"
"775","مرکزی","13","394","061303","03"
"776","مرکزی","13","441","062202","02"
"777","مرکزی","13","444","061801","01"
"778","مرکزی","13","446","062302","02"
"779","مرکزی","14","18","190103","03"
"780","مرکزی","14","50","190602","02"
"781","مرکزی","14","155","190303","03"
"782","مرکزی","14","159","190701","01"
"783","مرکزی","14","230","190405","05"
"784","مرکزی","14","254","191001","01"
"785","مرکزی","14","288","190802","02"
"786","مرکزی","14","385","190902","02"
"787","مرکزی","15","6","200601","01"
"788","مرکزی","15","177","200102","02"
"789","مرکزی","15","256","200201","01"
"790","مرکزی","15","270","200303","03"
"791","مرکزی","15","363","200402","02"
"792","مرکزی","15","405","200502","02"
"793","مرکزی","15","410","200701","01"
"794","مرکزی","16","52","110105","05"
"795","مرکزی","16","78","112001","01"
"796","مرکزی","16","120","112101","01"
"797","مرکزی","16","143","110202","02"
"798","مرکزی","16","152","110301","01"
"799","مرکزی","16","187","112201","01"
"800","مرکزی","16","189","111201","01"
"801","مرکزی","16","202","110803","03"
"802","مرکزی","16","223","110404","04"
"803","مرکزی","16","225","110501","01"
"804","مرکزی","16","231","111002","02"
"805","مرکزی","16","240","110604","04"
"806","مرکزی","16","242","112301","01"
"807","مرکزی","16","263","111401","01"
"808","مرکزی","16","311","111901","01"
"809","مرکزی","16","325","111801","01"
"810","مرکزی","16","345","110902","02"
"811","مرکزی","16","408","111301","01"
"812","مرکزی","16","415","111701","01"
"813","مرکزی","16","433","110705","05"
"814","مرکزی","16","434","111501","01"
"815","مرکزی","16","437","111601","01"
"816","مرکزی","16","447","111101","01"
"817","مرکزی","17","25","071701","01"
"818","مرکزی","17","28","070202","02"
"819","مرکزی","17","39","070302","02"
"820","مرکزی","17","47","073601","01"
"821","مرکزی","17","2","070104","04"
"822","مرکزی","17","66","073501","01"
"823","مرکزی","17","87","071602","02"
"824","مرکزی","17","100","073101","01"
"825","مرکزی","17","105","072301","01"
"826","مرکزی","17","137","070404","04"
"827","مرکزی","17","156","072902","02"
"828","مرکزی","17","158","071802","02"
"829","مرکزی","17","161","073401","01"
"830","مرکزی","17","167","072402","02"
"831","مرکزی","17","175","070503","03"
"832","مرکزی","17","210","072602","02"
"833","مرکزی","17","226","073001","01"
"834","مرکزی","17","229","071902","02"
"835","مرکزی","17","238","070602","02"
"836","مرکزی","17","245","073201","01"
"837","مرکزی","17","251","072502","02"
"838","مرکزی","17","283","070705","05"
"839","مرکزی","17","301","072201","01"
"840","مرکزی","17","309","070803","03"
"841","مرکزی","17","314","070903","03"
"842","مرکزی","17","329","072002","02"
"843","مرکزی","17","331","071004","04"
"844","مرکزی","17","348","072801","01"
"845","مرکزی","17","350","073301","01"
"846","مرکزی","17","361","072701","01"
"847","مرکزی","17","373","071104","04"
"848","مرکزی","17","375","071501","01"
"849","مرکزی","17","392","071204","04"
"850","مرکزی","17","401","071303","03"
"851","مرکزی","17","406","072102","02"
"852","مرکزی","17","430","071403","03"
"853","مرکزی","18","40","260502","02"
"854","مرکزی","18","4","260402","02"
"855","مرکزی","18","15","260601","01"
"856","مرکزی","18","91","260104","04"
"857","مرکزی","18","113","260204","04"
"858","مرکزی","18","322","260305","05"
"859","مرکزی","19","327","250103","03"
"860","مرکزی","20","62","120102","02"
"861","مرکزی","20","98","120203","03"
"862","مرکزی","20","195","121001","01"
"863","مرکزی","20","199","120702","02"
"864","مرکزی","20","250","120902","02"
"865","مرکزی","20","252","120302","02"
"866","مرکزی","20","259","120403","03"
"867","مرکزی","20","321","120502","02"
"868","مرکزی","20","334","120801","01"
"869","مرکزی","20","393","120603","03"
"870","مرکزی","21","24","082301","01"
"871","مرکزی","21","60","080103","03"
"872","مرکزی","21","70","081001","01"
"873","مرکزی","21","77","080203","03"
"874","مرکزی","21","138","080304","04"
"875","مرکزی","21","200","081801","01"
"876","مرکزی","21","207","081102","02"
"877","مرکزی","21","214","080402","02"
"878","مرکزی","21","218","081502","02"
"879","مرکزی","21","222","081702","02"
"880","مرکزی","21","227","080502","02"
"881","مرکزی","21","264","080601","01"
"882","مرکزی","21","279","080701","01"
"883","مرکزی","21","296","081201","01"
"884","مرکزی","21","299","082201","01"
"885","مرکزی","21","313","081901","01"
"886","مرکزی","21","326","081602","02"
"887","مرکزی","21","338","080805","05"
"888","مرکزی","21","356","080904","04"
"889","مرکزی","21","351","081402","02"
"890","مرکزی","21","402","081301","01"
"891","مرکزی","21","420","082101","01"
"892","مرکزی","23","58","170701","01"
"893","مرکزی","23","97","170502","02"
"894","مرکزی","23","90","170103","03"
"895","مرکزی","23","145","170601","01"
"896","مرکزی","23","192","170403","03"
"897","مرکزی","23","355","170205","05"
"898","مرکزی","23","360","170302","02"
"899","مرکزی","23","379","170801","01"
"900","مرکزی","23","381","170901","01"
"901","مرکزی","22","32","050103","03"
"902","مرکزی","22","107","050302","02"
"903","مرکزی","22","128","051201","01"
"904","مرکزی","22","134","050903","03"
"905","مرکزی","22","176","051302","02"
"906","مرکزی","22","215","051402","02"
"907","مرکزی","22","244","050401","01"
"908","مرکزی","22","258","050501","01"
"909","مرکزی","22","286","051002","02"
"910","مرکزی","22","324","050602","02"
"911","مرکزی","22","339","050204","04"
"912","مرکزی","22","347","050701","01"
"913","مرکزی","22","372","050801","01"
"914","مرکزی","22","438","051102","02"
"915","مرکزی","24","8","271002","02"
"916","مرکزی","24","13","270802","02"
"917","مرکزی","24","83","270101","01"
"918","مرکزی","24","118","270202","02"
"919","مرکزی","24","206","271102","02"
"920","مرکزی","24","295","270301","01"
"921","مرکزی","24","337","270401","01"
"922","مرکزی","24","342","270902","02"
"923","مرکزی","24","358","271401","01"
"924","مرکزی","24","362","270502","02"
"925","مرکزی","24","368","271301","01"
"926","مرکزی","24","371","270604","04"
"927","مرکزی","24","390","271201","01"
"928","مرکزی","24","417","270704","04"
"929","مرکزی","25","42","011302","02"
"930","مرکزی","25","9","010101","01"
"931","مرکزی","25","10","010202","02"
"932","مرکزی","25","81","010301","01"
"933","مرکزی","25","211","010505","05"
"934","مرکزی","25","213","011402","02"
"935","مرکزی","25","217","010603","03"
"936","مرکزی","25","219","010703","03"
"937","مرکزی","25","262","011502","02"
"938","مرکزی","25","274","011202","02"
"939","مرکزی","25","287","010802","02"
"940","مرکزی","25","291","010403","03"
"941","مرکزی","25","312","010902","02"
"942","مرکزی","25","376","011102","02"
"943","مرکزی","25","380","011001","01"
"944","مرکزی","25","382","011602","02"
"945","مرکزی","26","27","150702","02"
"946","مرکزی","26","41","150103","03"
"947","مرکزی","26","71","150202","02"
"948","مرکزی","26","109","150801","01"
"949","مرکزی","26","157","150306","06"
"950","مرکزی","26","188","150402","02"
"951","مرکزی","26","193","150502","02"
"952","مرکزی","26","220","151102","02"
"953","مرکزی","26","253","150902","02"
"954","مرکزی","26","352","150603","03"
"955","مرکزی","27","14","020102","02"
"956","مرکزی","27","55","020202","02"
"957","مرکزی","27","56","021602","02"
"958","مرکزی","27","96","020402","02"
"959","مرکزی","27","123","020502","02"
"960","مرکزی","27","135","022102","02"
"961","مرکزی","27","142","022002","02"
"962","مرکزی","27","203","020601","01"
"963","مرکزی","27","233","020703","03"
"964","مرکزی","27","260","020802","02"
"965","مرکزی","27","261","022701","01"
"966","مرکزی","27","267","022601","01"
"967","مرکزی","27","292","022401","01"
"968","مرکزی","27","307","022302","02"
"969","مرکزی","27","317","021002","02"
"970","مرکزی","27","341","022801","01"
"971","مرکزی","27","367","022202","02"
"972","مرکزی","27","388","021802","02"
"973","مرکزی","27","412","022501","01"
"974","مرکزی","27","424","021901","01"
"975","مرکزی","27","426","021403","03"
"976","مرکزی","27","427","021504","04"
"977","مرکزی","28","19","00102","02"
"978","مرکزی","28","11","00201","01"
"979","مرکزی","28","121","00302","02"
"980","مرکزی","28","165","00401","01"
"981","مرکزی","28","168","001202","02"
"982","مرکزی","28","190","00501","01"
"983","مرکزی","28","228","001002","02"
"984","مرکزی","28","236","00603","03"
"985","مرکزی","28","269","00701","01"
"986","مرکزی","28","302","001301","01"
"987","مرکزی","28","344","001101","01"
"988","مرکزی","28","387","00901","01"
"989","مرکزی","29","17","220102","02"
"990","مرکزی","29","74","220902","02"
"991","مرکزی","29","75","221301","01"
"992","مرکزی","29","82","220204","04"
"993","مرکزی","29","84","220305","05"
"994","مرکزی","29","104","221102","02"
"995","مرکزی","29","130","220602","02"
"996","مرکزی","29","149","220802","02"
"997","مرکزی","29","164","221002","02"
"998","مرکزی","29","216","220702","02"
"999","مرکزی","29","266","221202","02"
"1000","مرکزی","29","323","220402","02"
"1001","مرکزی","29","416","220503","03"
"1002","مرکزی","30","29","130601","01"
"1003","مرکزی","30","93","130702","02"
"1004","مرکزی","30","125","130102","02"
"1005","مرکزی","30","180","131002","02"
"1006","مرکزی","30","209","130803","03"
"1007","مرکزی","30","300","130901","01"
"1008","مرکزی","30","335","130502","02"
"1009","مرکزی","30","398","130203","03"
"1010","مرکزی","30","428","130302","02"
"1011","مرکزی","30","443","130407","07"
"1012","مرکزی","31","16","210702","02"
"1013","مرکزی","31","22","210102","02"
"1014","مرکزی","31","35","210802","02"
"1015","مرکزی","31","61","210202","02"
"1016","مرکزی","31","92","211102","02"
"1017","مرکزی","31","119","210302","02"
"1018","مرکزی","31","151","210901","01"
"1019","مرکزی","31","409","210401","01"
"1020","مرکزی","31","414","210601","01"
"1021","مرکزی","31","448","210503","03"
"1022","مروست","31","151","210902","02"
"1023","مزایجان","17","87","071603","03"
"1024","مشراگه","13","204","061902","02"
"1025","مشکان","11","173","093802","02"
"1026","مشکین دشت","5","304","300602","02"
"1027","مشکین شرقی","3","395","240403","03"
"1028","مشهدمرغاب","17","158","071801","01"
"1029","معصومیه","28","19","00104","04"
"1030","معمولان","26","109","150802","02"
"1031","ممقان","1","5","032102","02"
"1032","منج","9","377","140404","04"
"1033","منجوان","1","154","032603","03"
"1034","موچش","20","334","120802","02"
"1035","مود","10","243","290302","02"
"1036","موران","3","365","240505","05"
"1037","موسیان","6","196","160303","03"
"1038","موگرمون","23","379","170802","02"
"1039","مهاباد","4","21","100103","03"
"1040","مهران","29","84","220306","06"
"1041","مهربان","1","239","030502","02"
"1042","مهردشت","4","419","101403","03"
"1043","مهرگان","16","240","110606","06"
"1044","میان آب","13","277","061204","04"
"1045","میان جلگه","11","432","091705","05"
"1046","میان ولایت","11","114","090403","03"
"1047","میانکوه","9","23","140502","02"
"1048","میداود","13","59","061504","04"
"1049","میرزاکوچک جنگلی","25","287","010803","03"
"1050","میلاجرد","28","344","001102","02"
"1051","میمند","17","314","070904","04"
"1052","میمه","4","272","101602","02"
"1053","مینان","16","242","112303","03"
"1054","مینو","13","160","060702","02"
"1055","نارنجستان","27","261","022702","02"
"1056","نازلو","2","26","040105","05"
"1057","نازیل","16","120","112102","02"
"1058","ناغان","9","357","140702","02"
"1059","نالوس","2","36","041302","02"
"1060","ندوشن","31","414","210602","02"
"1061","نسکند","16","242","112304","04"
"1062","نشتا","27","123","020503","03"
"1063","نصرآباد","11","116","090603","03"
"1064","نصرت آباد","16","225","110503","03"
"1065","نظرکهریزی","1","440","031103","03"
"1066","نگار","21","70","081004","04"
"1067","نگین کویر","21","313","081902","02"
"1068","نمشیر","20","62","120103","03"
"1069","ننور","20","62","120104","04"
"1070","نوبران","28","236","00604","04"
"1071","نوبندگان","17","309","070804","04"
"1072","نوخندان","11","179","090704","04"
"1073","نوده انقلاب","11","173","093803","03"
"1074","نوسود","22","107","050303","03"
"1075","نوق","21","214","080404","04"
"1076","نوکنده","24","83","270102","02"
"1077","نیاسر","4","332","101004","04"
"1078","نیر","31","119","210303","03"
"1079","نیسان","13","446","062301","01"
"1080","نیمبلوک","10","318","290403","03"
"1081","وراوی","17","406","072103","03"
"1082","وردشت","4","257","100504","04"
"1083","وزینه","2","248","040402","02"
"1084","وشمگیر","24","13","270801","01"
"1085","ویس","13","63","062402","02"
"1086","ویسیان","26","147","151003","03"
"1087","ویلکیج","3","425","240801","01"
"1088","هرمز","29","82","220207","07"
"1089","هزارجریب","27","424","021902","02"
"1090","هلالی","11","131","093402","02"
"1091","همایجان","17","238","070603","03"
"1092","هندمینی","6","67","161002","02"
"1093","هنزا","21","200","081802","02"
"1094","هیدوچ","16","263","111402","02"
"1095","هیر","3","20","240104","04"
"1096","یامچی","1","391","030703","03"
"1097","یانه سر","27","96","020404","04"
"1098","یزدان آباد","21","227","080503","03"
"1099","یونسی","11","64","093102","02"
